product_id,product_name,category,brand,price,created_timestamp,updated_timestamp,is_active
1,Chopping Board Large,Home & Kitchen,Tesco Home,164.31,2026-06-30 06:13:42,2026-07-22 14:32:35,Y
2,Cricket Ball Senior,Sports & Leisure,Wilson,140.61,2026-03-25 17:35:47,2026-04-01 00:15:19,Y
3,Hair Straighteners Black,Electronics,Bush,331.41,2026-02-11 10:46:30,2026-03-14 10:24:00,Y
4,Hair Dryer Black,Electronics,Philips,321.62,2026-06-30 15:15:17,2026-07-20 09:39:20,Y
5,Card Game Light Up,Toys & Games,Carousel,165.65,2026-04-05 14:59:18,2026-04-09 06:08:14,Y
6,Long Sleeve Top Age 5-6,Clothing,Skechers,221.94,2026-04-16 04:55:09,2026-05-04 14:31:21,Y
7,Strawberries 2L,Grocery,Cadbury,386.1,2026-05-20 21:16:35,2026-06-06 07:00:36,Y
8,Sports Vest Black,Sports & Leisure,Karrimor,442.87,2026-06-29 22:47:20,2026-07-30 10:45:09,Y
9,Cushion Cover Cream,Home & Kitchen,Russell Hobbs,303.79,2026-04-30 07:29:23,2026-05-10 14:13:08,Y
10,Portable DVD Player 32 Inch,Electronics,Samsung,266.56,2026-02-05 03:41:26,2026-02-18 16:32:57,Y
11,Microwave Oven Grey,Home & Kitchen,Russell Hobbs,271.71,2026-05-12 11:01:36,2026-05-25 12:34:31,Y
12,Wireless Headphones Plus,Electronics,Samsung,83.32,2026-03-27 20:04:47,2026-03-30 14:10:22,Y
13,Memory Card 128GB White,Electronics,Philips,343.56,2026-01-23 18:59:29,2026-02-12 15:12:17,Y
14,Keyboard Pro,Electronics,LG,325.68,2026-04-30 14:56:56,2026-05-23 19:38:17,Y
15,Resistance Band Set Junior,Sports & Leisure,Karrimor,150.44,2026-05-16 22:47:52,2026-06-16 12:43:53,Y
16,Dairy Milk Chocolate Organic,Grocery,Tesco Finest,338.9,2026-04-10 00:00:14,2026-04-20 13:09:30,Y
17,Board Game Age 3+,Toys & Games,VTech,290.54,2026-04-28 20:42:12,2026-05-23 15:41:34,Y
18,Keyboard Compact,Electronics,Philips,68.03,2026-02-07 06:19:11,2026-02-10 06:53:49,Y
19,Crumpets 1L,Grocery,McVitie's,85.83,2026-01-18 10:55:20,2026-02-16 18:37:33,N
20,Football Boots Senior,Sports & Leisure,Slazenger,417.91,2026-03-01 06:49:22,2026-03-01 11:46:19,Y
21,Badminton Set Junior,Sports & Leisure,Wilson,103.33,2026-04-24 23:54:47,2026-05-01 11:58:15,Y
22,Electric Toothbrush White,Electronics,Technika,379.52,2026-06-01 03:05:11,2026-06-17 21:51:44,Y
23,Olive Oil Free From,Grocery,Warburtons,400.9,2026-05-06 23:38:22,2026-05-30 10:04:34,Y
24,Football 2 Person,Sports & Leisure,Wilson,480.98,2026-03-07 16:07:29,2026-03-07 16:32:20,Y
25,Remote Control Car Wooden,Toys & Games,Mattel,326.96,2026-04-03 09:53:04,2026-04-17 06:12:18,Y
26,Malt Vinegar Pack of 6,Grocery,McVitie's,284.47,2026-05-01 00:17:46,2026-05-21 10:19:55,Y
27,Plain Flour Value Pack,Grocery,Cadbury,371.23,2026-02-09 04:44:30,2026-03-05 05:48:08,Y
28,Winter Scarf Large,Clothing,Skechers,372.27,2026-06-08 13:52:10,2026-06-21 19:04:09,Y
29,Greek Style Yoghurt Organic,Grocery,Warburtons,204.81,2026-02-16 11:56:59,2026-02-19 16:58:30,Y
30,Skipping Rope Pro,Sports & Leisure,Karrimor,368.8,2026-03-09 19:20:01,2026-04-03 19:41:02,Y
31,Bananas Family Pack,Grocery,Cadbury,54.56,2026-04-15 01:34:24,2026-05-09 21:20:57,Y
32,Denim Jacket Size 12,Clothing,F&F,71.53,2026-02-27 02:26:04,2026-03-02 17:55:30,Y
33,Wooden Train Set Blue,Toys & Games,Mattel,185.96,2026-06-13 00:19:30,2026-06-28 08:27:50,Y
34,Scotch Eggs Organic,Grocery,Yorkshire Tea,69.25,2026-01-25 15:31:47,2026-02-21 09:43:55,Y
35,Joggers Size 12,Clothing,Regatta,128.64,2026-02-27 21:05:47,2026-03-03 19:31:05,Y
36,Babygrow 3 Pack Grey Marl,Clothing,Tesco,493.88,2026-06-18 09:21:45,2026-07-03 06:59:18,Y
37,DAB Radio 50 Inch,Electronics,JVC,453.48,2026-02-03 10:27:23,2026-02-24 15:05:10,Y
38,Onions 1kg,Grocery,McVitie's,201.4,2026-01-13 06:11:00,2026-01-18 02:13:53,Y
39,Leather Belt Black,Clothing,F&F Kids,228.79,2026-05-04 15:54:22,2026-05-11 12:50:14,Y
40,Wellington Boots Size 10,Clothing,F&F,171.94,2026-06-09 08:34:28,2026-06-13 07:52:09,Y
41,Keyboard Bluetooth,Electronics,Technika,428.83,2026-03-07 10:51:55,2026-03-23 04:21:37,Y
42,Broccoli Value Pack,Grocery,Warburtons,117.43,2026-03-09 02:50:23,2026-03-22 22:51:57,Y
43,Kettle Stainless Steel,Home & Kitchen,Joseph Joseph,220.9,2026-01-29 03:35:45,2026-02-07 08:31:07,N
44,Race Track Set Blue,Toys & Games,Carousel,389.08,2026-01-22 16:11:25,2026-02-18 08:23:34,Y
45,Dressing Gown Large,Clothing,Tesco,401.13,2026-04-01 16:38:49,2026-04-06 11:34:22,Y
46,Ready Salted Crisps Free From,Grocery,Warburtons,318.98,2026-02-28 22:33:10,2026-03-12 03:39:53,Y
47,Skipping Rope Lightweight,Sports & Leisure,Karrimor,197.94,2026-02-08 17:39:27,2026-03-07 23:56:30,Y
48,DAB Radio Bluetooth,Electronics,JVC,355.63,2026-04-18 15:29:20,2026-04-23 14:48:20,Y
49,Water Bottle Size 3,Sports & Leisure,Karrimor,76.18,2026-02-23 23:39:38,2026-03-26 01:43:26,Y
50,Marmalade 1L,Grocery,Tesco Free From,417.99,2026-03-04 12:50:10,2026-03-25 02:15:47,Y
51,Farm Animal Set Battery Operated,Toys & Games,Ravensburger,106.89,2026-03-12 04:57:25,2026-03-16 04:45:02,Y
52,External Hard Drive Rechargeable,Electronics,Samsung,316.13,2026-03-12 10:00:40,2026-03-16 02:20:13,Y
53,Kettlebell 4 Person,Sports & Leisure,Adidas,39.85,2026-06-19 14:19:52,2026-06-23 08:07:31,N
54,Gym Bag Red,Sports & Leisure,Karrimor,294.56,2026-03-29 08:02:24,2026-04-24 16:10:04,Y
55,Science Kit Mini,Toys & Games,Ravensburger,480.07,2026-06-27 15:48:18,2026-07-05 07:54:23,Y
56,Jigsaw Puzzle 1000 Piece Light Up,Toys & Games,Ravensburger,433.26,2026-03-03 21:31:53,2026-03-26 10:57:56,Y
57,Chopping Board Navy,Home & Kitchen,Fox & Ivy,46.13,2026-03-12 08:40:32,2026-03-22 22:23:25,Y
58,Bathroom Scales Small,Home & Kitchen,Tesco Home,498.66,2026-05-05 07:37:31,2026-05-13 02:05:13,Y
59,Race Track Set Age 5+,Toys & Games,Fisher-Price,25.84,2026-05-05 17:38:53,2026-05-24 06:17:26,Y
60,Balance Bike Starter Set,Toys & Games,Mattel,452.38,2026-06-14 03:36:06,2026-06-17 10:59:43,Y
61,Running Shorts 4 Person,Sports & Leisure,Mitre,432.39,2026-04-11 22:47:02,2026-04-23 19:37:30,Y
62,Sourdough Loaf 1L,Grocery,Warburtons,94.47,2026-04-13 20:47:49,2026-04-27 18:45:50,Y
63,Kettle Navy,Home & Kitchen,Tesco Home,410.09,2026-03-26 03:18:58,2026-04-08 04:05:27,Y
64,Farm Animal Set Age 5+,Toys & Games,Ravensburger,385.46,2026-03-05 08:28:50,2026-03-06 18:58:34,Y
65,Carrots Pack of 4,Grocery,Yorkshire Tea,252.42,2026-05-23 17:41:20,2026-06-16 06:29:42,Y
66,Casserole Dish Double,Home & Kitchen,Joseph Joseph,457.51,2026-04-01 19:34:47,2026-04-27 02:55:40,Y
67,Scottish Salmon Fillets 2L,Grocery,Warburtons,428.71,2026-04-14 10:39:31,2026-05-04 16:27:55,Y
68,Video Doorbell White,Electronics,Bush,98.95,2026-03-28 14:57:23,2026-04-21 20:07:43,Y
69,Table Tennis Bat Set Size 3,Sports & Leisure,Wilson,349.34,2026-05-10 22:41:35,2026-05-20 16:15:46,Y
70,Bathroom Scales Non Stick,Home & Kitchen,Russell Hobbs,359.36,2026-01-24 22:38:58,2026-02-22 20:04:52,Y
71,Pillow Pair King Size,Home & Kitchen,Fox & Ivy,287.2,2026-04-12 04:58:24,2026-04-16 04:51:20,Y
72,Doormat Small,Home & Kitchen,Tesco Home,249.77,2026-02-27 14:52:02,2026-03-07 08:01:44,Y
73,Cornish Pasty Reduced Fat,Grocery,Tesco Free From,151.91,2026-02-26 07:56:14,2026-03-13 04:47:27,N
74,Marmalade Pack of 12,Grocery,Cadbury,97.1,2026-06-06 15:53:28,2026-06-20 09:29:04,Y
75,Bubble Machine Battery Operated,Toys & Games,VTech,491.05,2026-04-13 20:36:56,2026-05-12 09:24:12,Y
76,Stainless Steel Saucepan Large,Home & Kitchen,Brabantia,479.26,2026-03-09 13:23:23,2026-04-06 20:43:57,Y
77,Knitted Hat Khaki,Clothing,F&F,240.49,2026-06-29 07:50:34,2026-07-17 11:57:32,Y
78,Bananas Value Pack,Grocery,Robinsons,138.22,2026-06-04 07:46:22,2026-06-27 06:27:57,Y
79,Tablet 10 Inch Plus,Electronics,Technika,226.99,2026-04-28 19:28:31,2026-05-17 08:32:41,Y
80,USB C Charger 43 Inch,Electronics,LG,141.66,2026-03-30 15:55:45,2026-04-03 18:39:07,Y
81,Shin Pads Adult,Sports & Leisure,Nike,332.59,2026-01-08 22:38:31,2026-01-22 21:26:39,Y
82,Joggers X Large,Clothing,Tesco,76.4,2026-06-28 21:19:21,2026-07-06 16:11:17,Y
83,Slow Cooker Small,Home & Kitchen,Brabantia,64.24,2026-06-24 18:20:55,2026-06-25 13:24:40,N
84,Baking Potatoes 1L,Grocery,Warburtons,388.0,2026-06-07 02:33:26,2026-06-30 08:19:38,N
85,Smart Plug Pro,Electronics,Sony,473.34,2026-02-16 00:41:59,2026-03-03 23:49:20,Y
86,Doormat King Size,Home & Kitchen,Salter,52.45,2026-06-25 12:51:26,2026-07-08 11:21:34,Y
87,Chicken Breast Fillets 500g,Grocery,McVitie's,492.89,2026-04-21 08:31:05,2026-04-26 16:56:17,Y
88,Baby Vest Set Large,Clothing,Regatta,491.1,2026-03-28 14:48:06,2026-04-13 22:50:02,Y
89,Bathroom Scales Stainless Steel,Home & Kitchen,Brabantia,156.6,2026-04-06 03:10:00,2026-05-06 19:10:00,Y
90,Summer Dress Medium,Clothing,Skechers,94.98,2026-05-26 18:23:54,2026-05-28 23:36:34,Y
91,Slippers Small,Clothing,Tesco,446.26,2026-03-30 03:55:43,2026-04-28 08:34:06,Y
92,External Hard Drive 128GB,Electronics,Technika,444.68,2026-02-15 16:09:52,2026-03-14 06:11:31,Y
93,Oxford Shirt Size 14,Clothing,Clarks,87.86,2026-01-31 09:59:18,2026-02-03 21:42:29,Y
94,Board Game Age 5+,Toys & Games,Carousel,416.73,2026-02-19 19:09:39,2026-03-21 05:39:38,Y
95,Cornish Pasty 1kg,Grocery,Warburtons,247.93,2026-01-30 21:35:04,2026-02-10 04:58:13,Y
96,Space Hopper Deluxe,Toys & Games,VTech,378.53,2026-01-11 11:03:58,2026-02-10 02:55:51,Y
97,Play Kitchen Pink,Toys & Games,Fisher-Price,263.23,2026-05-14 02:42:41,2026-05-24 19:19:17,Y
98,Chopping Board Non Stick,Home & Kitchen,Tefal,216.03,2026-06-14 06:18:20,2026-06-18 21:06:32,Y
99,Cotton T-Shirt Age 9-10,Clothing,F&F Kids,156.42,2026-01-22 15:01:31,2026-01-26 01:37:01,N
100,Ironing Board Large,Home & Kitchen,Fox & Ivy,375.19,2026-03-15 21:44:03,2026-03-31 22:56:08,Y
101,Rug Set of 6,Home & Kitchen,Brabantia,98.18,2026-02-14 20:20:47,2026-02-16 13:21:50,N
102,Crumpets Family Pack,Grocery,Hovis,188.56,2026-01-14 21:55:27,2026-02-07 14:29:21,Y
103,Smart Plug Bluetooth,Electronics,JVC,105.79,2026-02-24 03:29:11,2026-03-24 11:14:31,Y
104,Doll House Large,Toys & Games,VTech,462.53,2026-06-13 19:00:02,2026-07-13 07:13:59,Y
105,Mature Cheddar 2L,Grocery,Warburtons,459.2,2026-03-03 21:52:58,2026-03-30 08:04:22,Y
106,Golf Balls 12 Pack Size 4,Sports & Leisure,Umbro,287.42,2026-02-09 04:38:15,2026-03-01 01:55:11,Y
107,Cricket Bat 2 Person,Sports & Leisure,Nike,10.06,2026-06-10 09:13:56,2026-07-01 09:12:13,Y
108,In Ear Headphones Black,Electronics,Technika,347.8,2026-04-07 08:53:57,2026-04-14 00:10:35,Y
109,Wireless Mouse Silver,Electronics,Hisense,451.6,2026-04-25 04:42:44,2026-05-02 07:22:51,Y
110,Building Brick Set Large,Toys & Games,Playmobil,202.11,2026-02-16 17:20:10,2026-03-19 16:36:53,Y
111,Beef Mince Pack of 6,Grocery,McVitie's,279.6,2026-03-14 18:16:06,2026-04-07 21:41:58,Y
112,Tablet 10 Inch Bluetooth,Electronics,Sony,197.09,2026-02-02 16:02:30,2026-02-17 19:09:44,Y
113,Cornflakes 1L,Grocery,Tesco,300.52,2026-06-27 02:15:27,2026-07-16 13:44:14,Y
114,Video Doorbell 32 Inch,Electronics,Sony,173.97,2026-05-09 06:49:13,2026-06-01 16:51:49,N
115,Pool Cue 4 Person,Sports & Leisure,Adidas,473.68,2026-02-14 11:29:12,2026-03-15 07:32:37,Y
116,USB C Charger 128GB,Electronics,Philips,223.06,2026-02-27 05:40:12,2026-03-10 03:26:40,Y
117,Portable DVD Player Plus,Electronics,Philips,343.96,2026-06-04 16:18:35,2026-06-09 20:53:55,Y
118,Microwave Oven Sage,Home & Kitchen,Tefal,76.03,2026-05-17 00:39:46,2026-05-23 00:39:06,Y
119,Joggers Size 16,Clothing,Tesco,429.22,2026-03-01 00:24:00,2026-03-19 02:16:24,Y
120,Treadmill Black,Sports & Leisure,Karrimor,324.17,2026-01-10 18:34:04,2026-01-11 15:27:02,Y
121,Linen Shirt Grey Marl,Clothing,Regatta,175.85,2026-06-07 12:28:58,2026-06-30 20:12:29,N
122,Fitted Bed Sheet Navy,Home & Kitchen,Tefal,76.48,2026-04-27 15:58:57,2026-05-02 06:33:53,Y
123,Resistance Band Set 4 Person,Sports & Leisure,Dunlop,153.43,2026-02-14 12:16:56,2026-02-20 00:03:57,Y
124,Remote Control Car Age 5+,Toys & Games,Fisher-Price,108.01,2026-04-16 22:56:34,2026-05-14 06:21:42,Y
125,Floor Lamp Set of 4,Home & Kitchen,Tesco Home,334.36,2026-04-17 14:46:28,2026-05-02 03:15:51,Y
126,Remote Control Car Pink,Toys & Games,Carousel,393.14,2026-05-16 06:15:13,2026-06-07 12:51:25,Y
127,Storage Basket Large,Home & Kitchen,Brabantia,199.45,2026-04-29 17:55:48,2026-05-25 07:19:29,Y
128,Beef Mince Value Pack,Grocery,McVitie's,172.15,2026-05-19 20:28:19,2026-06-17 15:54:22,Y
129,Baby Activity Gym Large,Toys & Games,Carousel,196.06,2026-06-18 12:59:33,2026-07-01 18:27:34,Y
130,Pyjama Set Size 14,Clothing,Tesco,401.41,2026-03-11 23:43:36,2026-04-05 04:25:01,Y
131,Goalkeeper Gloves Size 4,Sports & Leisure,Dunlop,307.13,2026-03-23 14:15:55,2026-04-15 19:04:54,Y
132,HDMI Cable White,Electronics,Technika,15.63,2026-05-16 23:40:56,2026-05-18 20:47:46,Y
133,Broccoli 250g,Grocery,Hovis,157.24,2026-01-14 10:54:05,2026-01-24 22:06:52,Y
134,Stacking Rings Deluxe,Toys & Games,Carousel,148.42,2026-06-09 10:37:57,2026-07-06 01:08:18,Y
135,Linen Shirt Medium,Clothing,Regatta,207.79,2026-05-24 05:57:56,2026-05-28 11:24:03,Y
136,Gala Apples Value Pack,Grocery,McVitie's,53.05,2026-06-10 15:44:17,2026-07-02 22:51:59,Y
137,Dinner Plate Set Double,Home & Kitchen,Russell Hobbs,294.52,2026-04-08 15:24:30,2026-04-13 16:02:14,Y
138,Hand Blender King Size,Home & Kitchen,Tesco Home,92.73,2026-01-06 15:42:36,2026-01-18 01:48:32,Y
139,Wine Glass Set Medium,Home & Kitchen,Tefal,357.15,2026-06-23 12:58:09,2026-06-27 10:10:49,Y
140,Swim Shorts Size 10,Clothing,Skechers,495.89,2026-01-22 11:38:51,2026-02-06 12:18:48,Y
141,Salted Butter Pack of 12,Grocery,Warburtons,326.46,2026-03-06 06:32:17,2026-03-22 07:03:37,Y
142,Card Game Mini,Toys & Games,Fisher-Price,331.41,2026-03-09 14:27:21,2026-03-10 23:15:09,Y
143,Alarm Clock Radio Compact,Electronics,Bush,193.43,2026-01-09 04:55:59,2026-01-28 05:43:35,Y
144,Floor Lamp Sage,Home & Kitchen,Joseph Joseph,402.56,2026-04-08 12:02:44,2026-04-29 20:47:08,Y
145,Ankle Boots Size 16,Clothing,Skechers,246.97,2026-04-19 13:45:21,2026-04-24 01:31:37,Y
146,Digital Camera 43 Inch,Electronics,Bush,406.32,2026-04-26 21:05:51,2026-05-18 08:01:23,Y
147,Vanilla Ice Cream 2L,Grocery,Tesco Finest,48.26,2026-01-28 07:04:11,2026-02-08 09:13:47,Y
148,Baby Vest Set Size 10,Clothing,F&F,482.99,2026-01-04 23:51:21,2026-02-01 18:55:30,N
149,Remote Control Car Age 12+,Toys & Games,Playmobil,103.76,2026-06-11 10:50:42,2026-06-15 05:57:45,Y
150,Space Hopper Light Up,Toys & Games,Mattel,109.06,2026-01-21 05:05:45,2026-02-20 07:06:12,Y
151,Colouring Set Pink,Toys & Games,Hasbro,304.7,2026-04-10 10:40:33,2026-04-17 02:32:45,Y
152,Baby Vest Set Size 12,Clothing,Clarks,44.38,2026-03-15 23:43:37,2026-04-12 01:11:48,N
153,Science Kit Age 12+,Toys & Games,Carousel,42.51,2026-03-09 04:56:34,2026-03-27 11:40:41,Y
154,Running Shorts 2 Person,Sports & Leisure,Karrimor,322.09,2026-03-24 07:10:25,2026-04-14 01:29:03,Y
155,Colouring Set Age 12+,Toys & Games,Hasbro,144.32,2026-03-06 11:47:15,2026-03-22 12:29:11,Y
156,Exercise Bike 4 Person,Sports & Leisure,Slazenger,338.65,2026-01-16 02:31:22,2026-02-14 01:35:01,Y
157,Air Fryer Stainless Steel,Home & Kitchen,Go Cook,342.14,2026-04-25 00:47:43,2026-04-27 11:25:32,Y
158,Wooden Train Set Pink,Toys & Games,Playmobil,242.82,2026-01-17 18:16:46,2026-02-13 04:45:08,Y
159,Bluetooth Speaker Rechargeable,Electronics,Sony,179.68,2026-05-06 10:34:47,2026-05-12 18:11:57,Y
160,Exercise Bike Junior,Sports & Leisure,Dunlop,80.58,2026-04-29 10:59:50,2026-05-26 23:29:45,Y
161,Card Game Battery Operated,Toys & Games,Mattel,202.71,2026-04-09 13:01:55,2026-04-13 23:26:50,Y
162,Alarm Clock Radio Plus,Electronics,Bush,238.78,2026-06-19 05:09:37,2026-07-19 10:22:43,Y
163,Pyjama Set Large,Clothing,F&F Kids,117.73,2026-02-20 00:31:25,2026-02-25 10:25:19,Y
164,Duvet 10.5 Tog Small,Home & Kitchen,Tefal,38.12,2026-05-08 13:27:54,2026-05-14 05:09:57,Y
165,Hummus Free From,Grocery,Birds Eye,247.8,2026-05-03 19:18:09,2026-05-11 11:50:00,N
166,School Polo Shirt Size 12,Clothing,Skechers,301.56,2026-06-11 05:21:40,2026-06-21 03:01:07,Y
167,Resistance Band Set Training,Sports & Leisure,Dunlop,13.77,2026-03-29 23:23:51,2026-04-21 03:47:27,Y
168,Shin Pads Training,Sports & Leisure,Mitre,143.86,2026-03-05 06:20:44,2026-03-12 17:01:42,Y
169,Slim Fit Jeans Khaki,Clothing,Regatta,355.51,2026-03-26 22:12:57,2026-03-31 09:03:37,Y
170,Wi-Fi Extender White,Electronics,Philips,376.35,2026-03-05 15:36:30,2026-04-02 15:57:02,Y
171,Exercise Bike Senior,Sports & Leisure,Nike,389.83,2026-01-21 16:31:29,2026-02-10 15:48:33,Y
172,Vanilla Ice Cream 1kg,Grocery,Walkers,6.51,2026-03-12 22:09:23,2026-04-08 23:39:38,Y
173,Fitted Bed Sheet Grey,Home & Kitchen,Joseph Joseph,442.19,2026-06-08 15:35:09,2026-07-03 23:55:40,Y
174,HDMI Cable Bluetooth,Electronics,Bush,442.96,2026-06-15 06:59:38,2026-07-04 10:18:24,Y
175,Electric Shaver Bluetooth,Electronics,Hisense,134.19,2026-05-10 09:15:50,2026-05-22 23:00:42,Y
176,Kettlebell Size 5,Sports & Leisure,Wilson,455.35,2026-01-07 00:41:41,2026-01-31 13:47:04,Y
177,Wireless Mouse USB C,Electronics,JVC,230.69,2026-06-10 12:35:10,2026-06-30 03:23:30,Y
178,Video Doorbell 43 Inch,Electronics,LG,434.53,2026-06-05 14:18:10,2026-06-23 18:38:11,Y
179,Building Brick Set Battery Operated,Toys & Games,LEGO,324.93,2026-04-05 04:20:53,2026-04-28 16:55:54,Y
180,Fleece Gilet Black,Clothing,Tesco,286.42,2026-03-25 19:53:48,2026-03-27 16:12:08,Y
181,Security Camera Silver,Electronics,LG,80.03,2026-01-15 23:45:45,2026-01-20 14:50:44,Y
182,Cutlery Set King Size,Home & Kitchen,Russell Hobbs,39.44,2026-03-02 02:48:23,2026-03-13 12:53:49,Y
183,Ankle Boots Medium,Clothing,F&F,49.29,2026-01-16 16:26:41,2026-02-11 05:10:50,Y
184,Digital Camera 32 Inch,Electronics,Sony,343.34,2026-02-10 03:48:58,2026-03-09 12:03:13,Y
185,Cornish Pasty Pack of 12,Grocery,Tesco Free From,477.44,2026-06-14 22:14:30,2026-06-15 23:29:18,Y
186,Baby Vest Set Grey Marl,Clothing,Clarks,148.37,2026-03-23 10:24:48,2026-04-13 07:49:49,Y
187,Porridge Oats Pack of 6,Grocery,Tesco Finest,293.46,2026-06-28 13:35:04,2026-06-29 20:12:06,Y
188,Malt Vinegar 250g,Grocery,Walkers,110.33,2026-06-29 02:37:56,2026-07-10 19:35:49,Y
189,Tennis Racket Training,Sports & Leisure,Umbro,418.24,2026-06-10 23:39:18,2026-06-19 17:02:50,Y
190,Bubble Machine Large,Toys & Games,Mattel,228.57,2026-03-07 10:12:20,2026-04-04 18:37:27,Y
191,Tablet 10 Inch 50 Inch,Electronics,Sony,403.29,2026-06-16 21:32:49,2026-06-29 03:43:56,Y
192,Karaoke Machine Starter Set,Toys & Games,Ravensburger,111.1,2026-02-22 06:48:36,2026-03-18 06:08:29,Y
193,Casserole Dish Non Stick,Home & Kitchen,Tesco Home,257.99,2026-03-19 11:29:03,2026-04-09 07:43:39,Y
194,Wooden Train Set Age 3+,Toys & Games,Playmobil,231.65,2026-02-25 05:55:21,2026-03-03 21:41:45,Y
195,Greek Style Yoghurt Reduced Fat,Grocery,Cadbury,310.1,2026-02-12 15:30:35,2026-03-04 01:21:17,Y
196,Mixing Bowl Large,Home & Kitchen,Fox & Ivy,193.8,2026-01-08 19:03:54,2026-01-09 04:02:54,Y
197,Paddling Pool Deluxe,Toys & Games,Ravensburger,42.67,2026-02-10 03:03:23,2026-02-16 23:15:50,Y
198,Stainless Steel Saucepan White,Home & Kitchen,Fox & Ivy,465.41,2026-01-06 09:49:02,2026-02-03 13:08:11,Y
199,Bicycle Helmet Black,Sports & Leisure,Slazenger,12.1,2026-02-22 03:58:40,2026-03-18 01:48:41,Y
200,Slow Cooker Set of 4,Home & Kitchen,Russell Hobbs,352.92,2026-03-02 14:55:56,2026-03-21 13:31:13,Y
201,Smart Plug 32 Inch,Electronics,Sony,219.08,2026-06-27 04:13:04,2026-07-10 01:37:05,Y
202,Mirror White,Home & Kitchen,Brabantia,144.38,2026-02-14 00:36:57,2026-02-15 21:41:46,Y
203,Dumbbell Pair 4 Person,Sports & Leisure,Slazenger,5.96,2026-03-10 00:42:17,2026-04-09 06:58:01,Y
204,Colouring Set Large,Toys & Games,VTech,146.83,2026-05-25 13:35:44,2026-06-09 21:21:38,Y
205,Pillow Pair White,Home & Kitchen,Tesco Home,277.76,2026-04-05 14:52:30,2026-04-22 20:16:12,Y
206,Cotton Bath Towel Medium,Home & Kitchen,Russell Hobbs,149.76,2026-06-13 11:26:11,2026-07-01 23:49:40,Y
207,Non Stick Frying Pan Double,Home & Kitchen,Brabantia,169.74,2026-05-07 21:34:26,2026-05-19 10:40:04,Y
208,Soundbar 128GB,Electronics,Sony,255.64,2026-04-30 14:48:34,2026-05-28 11:59:30,Y
209,Scottish Salmon Fillets 1L,Grocery,Birds Eye,400.37,2026-06-10 04:38:21,2026-06-28 01:32:08,Y
210,Leggings X Large,Clothing,Tesco,25.78,2026-02-22 22:25:05,2026-03-21 12:21:12,Y
211,Soft Toy Bear Age 8+,Toys & Games,VTech,394.92,2026-01-02 08:59:35,2026-01-23 14:46:49,Y
212,Slippers Size 14,Clothing,Clarks,410.58,2026-03-25 23:53:51,2026-04-06 17:53:16,Y
213,Balance Bike Wooden,Toys & Games,Playmobil,82.07,2026-03-31 23:26:44,2026-04-25 02:41:24,Y
214,Cool Box Red,Sports & Leisure,Nike,458.34,2026-02-18 22:00:57,2026-03-16 14:52:03,Y
215,Wireless Headphones Compact,Electronics,Philips,99.55,2026-03-20 07:48:25,2026-03-29 14:23:05,Y
216,Chopping Board Set of 4,Home & Kitchen,Tesco Home,475.75,2026-03-17 03:13:11,2026-04-13 00:17:15,Y
217,Bicycle Pump Senior,Sports & Leisure,Umbro,108.18,2026-04-02 21:25:00,2026-04-25 16:44:21,Y
218,Alarm Clock Radio Bluetooth,Electronics,Technika,163.22,2026-05-31 15:40:39,2026-06-18 17:24:10,Y
219,Bike Lock Size 3,Sports & Leisure,Umbro,295.63,2026-06-29 15:55:51,2026-07-12 09:44:57,Y
220,Fitness Tracker 64GB,Electronics,Samsung,129.82,2026-06-25 15:01:24,2026-06-27 06:50:21,Y
221,Card Game Age 12+,Toys & Games,Fisher-Price,124.48,2026-03-04 23:53:45,2026-03-25 03:23:09,N
222,Cucumber 2L,Grocery,Walkers,208.25,2026-01-09 10:19:35,2026-02-03 09:14:03,Y
223,Table Tennis Bat Set 4 Person,Sports & Leisure,Karrimor,253.53,2026-02-02 18:55:43,2026-02-26 19:55:15,Y
224,Fitness Tracker Wireless,Electronics,Sony,294.9,2026-06-28 18:24:51,2026-07-28 12:06:37,Y
225,Leggings Medium,Clothing,Clarks,216.23,2026-05-06 05:57:28,2026-05-15 10:59:46,Y
226,Space Hopper Age 8+,Toys & Games,Fisher-Price,328.67,2026-01-20 06:30:31,2026-01-27 06:55:20,Y
227,Trainers Size 10,Clothing,Regatta,249.21,2026-04-07 01:19:11,2026-04-14 12:14:54,Y
228,Boxer Shorts 3 Pack Size 12,Clothing,F&F Kids,221.86,2026-06-29 03:06:10,2026-07-03 07:53:48,Y
229,Chino Trousers Age 5-6,Clothing,Skechers,212.22,2026-06-28 13:01:45,2026-07-15 11:25:25,Y
230,Science Kit Large,Toys & Games,Playmobil,239.94,2026-04-22 17:44:27,2026-04-24 19:49:43,Y
231,Stacking Rings Battery Operated,Toys & Games,VTech,225.82,2026-03-04 04:07:01,2026-03-09 06:43:12,N
232,Exercise Bike 2 Person,Sports & Leisure,Karrimor,282.03,2026-04-06 17:16:30,2026-04-09 14:28:07,Y
233,Portable DVD Player White,Electronics,Philips,395.1,2026-02-07 09:08:47,2026-03-01 21:09:10,Y
234,Custard Creams Reduced Fat,Grocery,Warburtons,460.76,2026-06-20 08:37:33,2026-06-20 18:34:24,Y
235,Cornish Pasty Large,Grocery,Hovis,278.75,2026-02-24 06:42:30,2026-03-11 21:55:36,Y
236,Video Doorbell 50 Inch,Electronics,Hisense,259.13,2026-01-19 04:42:08,2026-02-15 20:52:03,N
237,Hand Blender Charcoal,Home & Kitchen,Salter,414.85,2026-05-25 05:15:40,2026-06-18 19:09:20,Y
238,Play Kitchen Age 8+,Toys & Games,Hasbro,465.74,2026-04-21 01:55:20,2026-05-15 13:56:32,Y
239,Leather Belt Size 8,Clothing,Skechers,324.79,2026-06-05 07:47:58,2026-06-09 23:27:48,Y
240,Pool Cue Size 4,Sports & Leisure,Slazenger,20.3,2026-02-10 07:38:33,2026-02-19 23:27:37,Y
241,Doormat Non Stick,Home & Kitchen,Salter,144.01,2026-01-22 22:57:49,2026-01-27 19:00:12,Y
242,Treadmill Size 3,Sports & Leisure,Wilson,246.45,2026-03-29 09:53:34,2026-04-17 20:51:53,Y
243,Space Hopper Battery Operated,Toys & Games,Carousel,289.12,2026-06-26 18:44:35,2026-07-26 16:23:13,Y
244,Portable DVD Player 64GB,Electronics,JVC,316.42,2026-01-24 22:31:21,2026-02-11 15:11:01,Y
245,Summer Dress Size 8,Clothing,Regatta,177.51,2026-03-15 19:32:14,2026-03-26 06:30:29,Y
246,Shape Sorter Light Up,Toys & Games,Mattel,98.23,2026-03-27 16:43:26,2026-04-05 01:21:53,Y
247,Leather Belt Navy,Clothing,Regatta,163.97,2026-02-05 22:18:12,2026-02-27 19:41:57,Y
248,Colouring Set Deluxe,Toys & Games,Fisher-Price,106.84,2026-05-29 16:11:07,2026-06-22 16:07:25,Y
249,Rugby Ball Size 5,Sports & Leisure,Umbro,359.94,2026-03-28 05:56:41,2026-04-22 21:19:56,Y
250,Soundbar USB C,Electronics,JVC,407.49,2026-04-28 17:21:09,2026-05-07 12:25:25,N
251,Rugby Ball Senior,Sports & Leisure,Dunlop,293.87,2026-01-01 02:12:51,2026-01-30 11:12:22,Y
252,Oxford Shirt Age 9-10,Clothing,Regatta,240.8,2026-05-26 13:12:17,2026-05-28 02:52:48,Y
253,Keyboard Rechargeable,Electronics,Hisense,58.19,2026-01-31 04:11:07,2026-02-11 05:14:01,Y
254,Race Track Set Age 8+,Toys & Games,LEGO,34.64,2026-02-02 03:59:47,2026-02-23 17:12:49,Y
255,Oxford Shirt White,Clothing,F&F,287.46,2026-06-09 23:17:18,2026-06-23 06:31:32,Y
256,Hand Blender Large,Home & Kitchen,Joseph Joseph,113.84,2026-05-22 11:53:15,2026-05-26 12:28:52,Y
257,Doll Set Mini,Toys & Games,VTech,489.44,2026-04-09 06:34:39,2026-04-09 11:40:15,Y
258,Pool Cue Senior,Sports & Leisure,Karrimor,86.99,2026-05-05 03:06:15,2026-06-01 16:20:30,Y
259,Fleece Gilet Medium,Clothing,Skechers,301.86,2026-02-26 08:06:00,2026-03-06 05:25:27,Y
260,Sports Vest Size 5,Sports & Leisure,Nike,370.89,2026-02-24 07:06:54,2026-02-26 20:52:22,Y
261,Baby Activity Gym Starter Set,Toys & Games,Fisher-Price,221.14,2026-06-07 12:01:34,2026-07-01 20:15:30,Y
262,Darts Set Size 3,Sports & Leisure,Dunlop,106.71,2026-03-29 10:01:31,2026-04-15 05:26:24,Y
263,Water Bottle Training,Sports & Leisure,Karrimor,112.87,2026-01-20 19:53:44,2026-02-11 08:04:34,Y
264,Bicycle Pump 4 Person,Sports & Leisure,Adidas,344.81,2026-03-12 07:45:18,2026-04-09 15:09:56,Y
265,Mixing Bowl Set of 6,Home & Kitchen,Fox & Ivy,193.58,2026-06-15 22:04:28,2026-07-07 22:29:04,Y
266,Cafetiere Set of 4,Home & Kitchen,Russell Hobbs,241.87,2026-04-25 13:05:27,2026-05-04 00:19:44,Y
267,Treadmill Pro,Sports & Leisure,Karrimor,28.75,2026-05-30 20:33:38,2026-06-16 03:27:40,Y
268,Sports Leggings Large,Clothing,Clarks,229.28,2026-02-10 02:39:44,2026-02-27 03:55:49,Y
269,Tomato Ketchup Organic,Grocery,Yorkshire Tea,38.06,2026-04-22 08:55:58,2026-04-27 16:22:17,Y
270,Winter Scarf Age 5-6,Clothing,Skechers,471.3,2026-06-08 01:36:41,2026-07-04 00:47:59,Y
271,In Ear Headphones Bluetooth,Electronics,Bush,409.56,2026-03-02 00:51:12,2026-03-21 22:55:16,Y
272,Boxer Shorts 3 Pack Black,Clothing,Regatta,126.6,2026-02-01 14:35:48,2026-02-13 13:46:57,Y
273,Security Camera 128GB,Electronics,Hisense,71.8,2026-02-13 08:32:52,2026-02-14 01:05:49,Y
274,Casserole Dish Cream,Home & Kitchen,Go Cook,126.67,2026-02-09 04:15:55,2026-02-28 15:52:45,Y
275,Laptop Sleeve Black,Electronics,Hisense,72.27,2026-01-29 22:15:10,2026-02-19 18:03:12,Y
276,Golf Balls 12 Pack Black,Sports & Leisure,Karrimor,235.98,2026-05-16 15:43:48,2026-05-29 09:18:34,Y
277,Tennis Balls 3 Pack Senior,Sports & Leisure,Nike,129.46,2026-05-14 11:50:38,2026-06-02 10:44:25,Y
278,Swim Shorts Medium,Clothing,Tesco,421.76,2026-02-12 16:54:31,2026-02-16 18:07:35,Y
279,Yorkshire Tea Bags 2L,Grocery,Tesco Free From,12.94,2026-04-16 12:24:19,2026-04-27 12:44:50,Y
280,Casserole Dish Navy,Home & Kitchen,Go Cook,126.02,2026-06-13 04:28:55,2026-07-02 03:37:36,Y
281,Mug Set Small,Home & Kitchen,Tefal,234.33,2026-02-28 14:16:31,2026-03-13 05:02:00,Y
282,Hair Dryer Pro,Electronics,Philips,235.22,2026-01-14 07:09:57,2026-02-03 10:28:20,Y
283,Oxford Shirt Grey Marl,Clothing,Regatta,25.06,2026-06-17 13:04:38,2026-06-27 00:57:10,N
284,Salted Butter Large,Grocery,Yorkshire Tea,496.09,2026-05-03 02:22:21,2026-05-09 12:21:53,Y
285,Food Processor Grey,Home & Kitchen,Go Cook,226.94,2026-05-24 08:03:01,2026-06-09 14:43:34,Y
286,Denim Jacket Age 5-6,Clothing,F&F,66.03,2026-06-06 14:22:39,2026-06-16 23:45:42,Y
287,Telescope Large,Toys & Games,Fisher-Price,285.34,2026-05-05 13:48:32,2026-05-07 11:38:07,Y
288,Trampoline Age 8+,Toys & Games,VTech,76.26,2026-02-09 12:21:42,2026-03-04 03:08:28,Y
289,DAB Radio Wireless,Electronics,JVC,11.0,2026-02-20 02:39:24,2026-02-28 14:53:26,Y
290,School Cardigan Black,Clothing,Clarks,495.26,2026-04-18 18:12:26,2026-05-13 22:40:01,Y
291,Action Camera 128GB,Electronics,Philips,236.81,2026-01-17 05:54:02,2026-01-26 05:24:52,N
292,Mirror Navy,Home & Kitchen,Russell Hobbs,365.32,2026-06-22 15:07:05,2026-07-14 05:59:02,Y
293,Balance Bike Light Up,Toys & Games,VTech,265.72,2026-05-01 08:36:35,2026-05-19 07:58:15,Y
294,Scottish Salmon Fillets 750ml,Grocery,Tesco,408.39,2026-05-31 16:43:17,2026-06-26 12:33:14,Y
295,Joggers Medium,Clothing,F&F Kids,401.83,2026-03-11 10:32:19,2026-03-27 09:57:22,Y
296,Skipping Rope Size 4,Sports & Leisure,Slazenger,463.4,2026-02-07 17:14:54,2026-03-05 01:11:09,Y
297,Duvet 10.5 Tog Double,Home & Kitchen,Go Cook,125.03,2026-05-10 11:26:47,2026-05-23 01:03:08,Y
298,Bicycle Helmet Red,Sports & Leisure,Nike,210.04,2026-06-19 02:49:20,2026-07-18 04:16:45,N
299,Cool Box Pro,Sports & Leisure,Wilson,110.94,2026-03-27 11:07:19,2026-04-04 03:03:50,Y
300,Sports Leggings Size 12,Clothing,F&F Kids,298.76,2026-03-02 09:15:39,2026-03-27 14:36:49,Y
301,Bicycle Pump Lightweight,Sports & Leisure,Umbro,448.81,2026-01-26 02:05:50,2026-02-18 02:15:24,Y
302,Chicken Breast Fillets Pack of 4,Grocery,Robinsons,491.93,2026-06-28 20:09:03,2026-06-29 11:20:05,Y
303,Slow Cooker Double,Home & Kitchen,Russell Hobbs,54.49,2026-06-25 22:22:42,2026-07-14 00:24:52,N
304,Swimming Goggles Red,Sports & Leisure,Mitre,496.77,2026-01-22 01:39:00,2026-02-17 08:29:10,Y
305,Table Lamp Set of 4,Home & Kitchen,Tefal,37.15,2026-06-01 09:39:53,2026-06-17 12:33:32,Y
306,Baby Vest Set Black,Clothing,Tesco,346.07,2026-03-08 05:41:49,2026-03-30 21:48:20,Y
307,Storage Basket Navy,Home & Kitchen,Joseph Joseph,328.48,2026-03-28 21:10:44,2026-04-13 11:33:16,Y
308,Basmati Rice Family Pack,Grocery,Tesco,78.62,2026-04-18 07:50:54,2026-04-28 05:11:07,Y
309,Mature Cheddar Pack of 4,Grocery,Yorkshire Tea,362.77,2026-01-21 01:37:56,2026-01-24 05:44:24,Y
310,Gym Bag Junior,Sports & Leisure,Mitre,465.29,2026-03-27 22:20:37,2026-04-04 20:51:04,Y
311,Darts Set Blue,Sports & Leisure,Slazenger,21.75,2026-06-21 17:46:37,2026-07-01 16:00:34,Y
312,Camping Tent Red,Sports & Leisure,Karrimor,330.87,2026-02-19 11:04:03,2026-02-20 19:28:14,Y
313,Trampoline Deluxe,Toys & Games,Fisher-Price,479.24,2026-03-24 14:08:52,2026-04-04 13:54:19,Y
314,Hair Straighteners 64GB,Electronics,LG,438.38,2026-06-29 05:00:55,2026-07-24 10:17:21,Y
315,Vanilla Ice Cream Reduced Fat,Grocery,Yorkshire Tea,94.35,2026-01-11 04:15:32,2026-01-30 19:33:30,Y
316,HDMI Cable Plus,Electronics,JVC,243.99,2026-01-03 20:23:45,2026-01-14 15:47:06,Y
317,Board Game Blue,Toys & Games,Hasbro,254.97,2026-05-09 06:13:09,2026-05-20 03:56:03,Y
318,Board Game Age 12+,Toys & Games,Ravensburger,24.52,2026-05-16 18:39:59,2026-06-05 01:07:48,N
319,Mug Set Cream,Home & Kitchen,Joseph Joseph,206.63,2026-06-01 17:18:34,2026-06-26 07:20:52,Y
320,Rain Coat Age 9-10,Clothing,Skechers,119.32,2026-01-17 15:53:56,2026-01-31 06:52:52,Y
321,Fish Fingers 750ml,Grocery,Tesco Finest,452.67,2026-06-01 07:28:16,2026-06-11 04:22:18,Y
322,Yorkshire Tea Bags Free From,Grocery,Tesco,6.11,2026-03-09 00:33:14,2026-03-10 08:25:42,Y
323,Trainers Size 8,Clothing,Regatta,476.54,2026-01-20 08:34:52,2026-02-18 02:00:53,Y
324,Scotch Eggs Finest,Grocery,Heinz,332.34,2026-06-13 09:49:38,2026-07-04 11:21:15,Y
325,School Trousers Size 12,Clothing,Tesco,104.13,2026-01-30 07:59:24,2026-02-17 07:20:35,Y
326,Scottish Salmon Fillets Large,Grocery,McVitie's,366.85,2026-01-21 10:41:15,2026-02-21 01:42:21,Y
327,Squash Double Concentrate Pack of 6,Grocery,Tesco,53.31,2026-03-16 21:16:26,2026-03-22 10:30:12,Y
328,Electric Toothbrush Silver,Electronics,Technika,468.87,2026-03-21 17:44:35,2026-04-10 19:48:44,N
329,Leather Belt Size 14,Clothing,Skechers,418.42,2026-01-17 08:11:07,2026-02-10 22:32:14,Y
330,Blackout Curtains Large,Home & Kitchen,Go Cook,50.55,2026-05-11 03:30:42,2026-05-30 12:20:47,Y
331,Printer Ink Cartridge Rechargeable,Electronics,Technika,85.33,2026-02-18 17:16:46,2026-02-19 13:08:36,Y
332,Storage Basket Non Stick,Home & Kitchen,Joseph Joseph,197.69,2026-05-14 22:34:12,2026-05-30 18:56:13,Y
333,Rain Coat Medium,Clothing,Skechers,244.29,2026-01-27 16:49:51,2026-02-08 23:00:03,Y
334,Gym Bag Senior,Sports & Leisure,Slazenger,386.57,2026-06-28 02:47:14,2026-07-25 00:47:12,Y
335,Power Bank Compact,Electronics,LG,180.93,2026-06-14 11:12:57,2026-06-15 12:41:09,N
336,Darts Set Black,Sports & Leisure,Adidas,71.37,2026-04-06 20:21:26,2026-04-29 20:42:21,Y
337,Chino Trousers Black,Clothing,Regatta,364.32,2026-05-14 17:49:07,2026-06-01 22:19:38,Y
338,School Cardigan Grey Marl,Clothing,Skechers,215.69,2026-06-09 01:50:53,2026-06-29 12:06:12,Y
339,Darts Set Pro,Sports & Leisure,Nike,143.93,2026-01-28 01:19:42,2026-02-27 06:03:58,Y
340,Camping Tent Senior,Sports & Leisure,Mitre,17.94,2026-01-20 16:23:04,2026-02-05 02:10:23,Y
341,Portable DVD Player Silver,Electronics,LG,61.12,2026-02-17 22:05:55,2026-02-22 14:44:33,N
342,Bluetooth Speaker Compact,Electronics,Bush,29.29,2026-03-27 10:56:07,2026-04-02 05:09:44,Y
343,Knitted Hat Small,Clothing,F&F,346.79,2026-05-21 17:58:54,2026-05-24 16:34:53,Y
344,Smart Plug Rechargeable,Electronics,Hisense,459.82,2026-05-22 21:19:06,2026-06-20 10:08:05,Y
345,Wellington Boots Age 9-10,Clothing,Clarks,57.88,2026-06-18 10:17:47,2026-06-19 14:21:53,Y
346,Leggings Age 9-10,Clothing,F&F Kids,127.55,2026-05-01 11:25:34,2026-05-04 19:36:11,Y
347,Action Camera 43 Inch,Electronics,Sony,113.12,2026-02-17 20:58:36,2026-03-12 00:39:27,Y
348,USB C Charger Silver,Electronics,Sony,263.87,2026-02-13 23:52:55,2026-03-07 16:08:21,Y
349,Baby Activity Gym Deluxe,Toys & Games,Playmobil,100.27,2026-02-18 15:35:15,2026-02-20 04:48:54,Y
350,Tomato Ketchup 2L,Grocery,Warburtons,428.79,2026-03-30 04:25:37,2026-04-12 22:43:54,Y
351,Slippers Khaki,Clothing,F&F Kids,374.66,2026-04-18 08:41:38,2026-05-03 08:49:03,Y
352,Carrots Finest,Grocery,Tesco,24.9,2026-05-28 05:52:41,2026-06-15 09:34:56,N
353,Tablet 10 Inch Pro,Electronics,LG,6.39,2026-01-12 23:04:43,2026-01-25 03:18:00,Y
354,Greek Style Yoghurt 1L,Grocery,McVitie's,363.54,2026-01-29 22:00:26,2026-02-02 08:13:54,Y
355,Water Bottle Senior,Sports & Leisure,Karrimor,104.77,2026-04-05 10:26:24,2026-04-27 03:09:41,Y
356,Plain Flour Family Pack,Grocery,Walkers,247.01,2026-02-22 12:22:12,2026-03-22 10:16:54,Y
357,Bluetooth Speaker White,Electronics,LG,232.08,2026-01-13 08:00:27,2026-01-27 13:04:17,Y
358,Yoga Mat Lightweight,Sports & Leisure,Wilson,11.81,2026-04-16 03:56:18,2026-04-20 13:13:29,Y
359,Pool Cue Size 3,Sports & Leisure,Wilson,345.77,2026-05-16 02:37:29,2026-05-27 12:18:43,Y
360,Semi Skimmed Milk 750ml,Grocery,Tesco,391.6,2026-05-03 12:17:10,2026-05-18 19:46:07,Y
361,Play Dough Set Large,Toys & Games,Carousel,263.4,2026-04-09 07:35:32,2026-04-29 11:42:49,Y
362,Electric Toothbrush USB C,Electronics,Sony,478.79,2026-03-11 21:33:51,2026-03-21 20:58:52,Y
363,School Cardigan Age 5-6,Clothing,Tesco,400.5,2026-03-14 08:51:15,2026-04-08 06:50:50,Y
364,Doll Set Light Up,Toys & Games,Hasbro,279.17,2026-02-16 20:31:33,2026-02-17 00:32:53,Y
365,Rucksack 4 Person,Sports & Leisure,Mitre,349.53,2026-01-01 15:12:11,2026-01-05 14:31:57,Y
366,Laundry Bin Sage,Home & Kitchen,Fox & Ivy,193.06,2026-02-21 20:25:42,2026-03-20 16:02:18,Y
367,Oven Chips Family Pack,Grocery,Hovis,170.05,2026-03-04 10:02:54,2026-03-14 21:33:42,Y
368,Broccoli Large,Grocery,Tesco Free From,433.94,2026-05-24 00:44:04,2026-05-27 19:41:12,Y
369,Marble Run Large,Toys & Games,Carousel,114.26,2026-04-16 17:47:04,2026-04-20 15:22:32,Y
370,Storage Basket Medium,Home & Kitchen,Brabantia,296.37,2026-04-05 03:02:16,2026-04-05 21:28:23,Y
371,Cafetiere Stainless Steel,Home & Kitchen,Tefal,301.17,2026-02-23 02:21:59,2026-03-02 21:29:04,Y
372,Trampoline Age 12+,Toys & Games,Carousel,8.15,2026-03-03 01:30:44,2026-03-11 18:41:26,Y
373,Pork Pie 250g,Grocery,Tesco Free From,142.45,2026-02-25 13:56:21,2026-02-28 16:28:58,Y
374,Art and Craft Set Mini,Toys & Games,Hasbro,490.45,2026-03-31 11:48:28,2026-04-18 09:58:29,Y
375,Wi-Fi Extender 32 Inch,Electronics,Bush,93.8,2026-06-20 08:12:11,2026-07-16 13:26:58,Y
376,Leggings Navy,Clothing,Clarks,20.59,2026-02-20 04:18:29,2026-02-22 01:46:43,Y
377,Bicycle Helmet Size 4,Sports & Leisure,Mitre,345.52,2026-02-22 11:40:48,2026-03-22 21:34:31,Y
378,Beef Mince 1L,Grocery,Warburtons,422.24,2026-02-10 15:24:00,2026-02-16 02:26:34,Y
379,Plain Flour Large,Grocery,Cadbury,407.24,2026-01-22 05:13:04,2026-01-26 18:19:31,Y
380,School Polo Shirt X Large,Clothing,F&F,492.28,2026-05-14 22:35:56,2026-06-05 15:33:55,Y
381,Back Bacon Pack of 4,Grocery,Cadbury,419.16,2026-02-10 19:34:42,2026-03-01 02:03:09,Y
382,USB C Charger 50 Inch,Electronics,Samsung,205.88,2026-03-22 08:38:13,2026-04-21 08:30:02,Y
383,Building Brick Set Light Up,Toys & Games,Playmobil,450.91,2026-05-18 14:59:05,2026-06-15 09:06:55,Y
384,Bubble Machine Age 3+,Toys & Games,LEGO,357.66,2026-06-29 17:54:07,2026-07-17 09:20:05,Y
385,Pork Sausages Free From,Grocery,Hovis,256.67,2026-01-14 16:11:34,2026-02-12 00:02:42,Y
386,Security Camera Black,Electronics,LG,134.26,2026-01-19 07:34:35,2026-01-21 18:08:09,Y
387,Ready Salted Crisps Finest,Grocery,Hovis,319.94,2026-02-15 01:27:31,2026-03-14 07:36:22,Y
388,Doll Set Deluxe,Toys & Games,Hasbro,164.31,2026-06-09 14:04:27,2026-07-03 10:38:32,Y
389,Doll Set Blue,Toys & Games,Fisher-Price,16.98,2026-03-12 10:01:02,2026-04-05 10:50:03,Y
390,Knitted Hat Grey Marl,Clothing,F&F,45.9,2026-01-08 02:20:10,2026-02-02 02:11:50,Y
391,Trampoline Starter Set,Toys & Games,LEGO,484.48,2026-01-26 14:50:57,2026-02-13 11:14:00,Y
392,Slippers Size 10,Clothing,F&F,148.48,2026-02-08 11:20:24,2026-03-01 15:11:22,Y
393,Babygrow 3 Pack Age 5-6,Clothing,F&F,147.16,2026-02-10 02:34:52,2026-02-14 22:17:28,Y
394,Alarm Clock Radio 43 Inch,Electronics,Samsung,192.83,2026-01-20 04:11:52,2026-02-13 13:44:31,Y
395,Casserole Dish Set of 4,Home & Kitchen,Brabantia,192.06,2026-04-22 14:01:02,2026-05-11 15:01:44,Y
396,Golf Balls 12 Pack Adult,Sports & Leisure,Wilson,65.86,2026-01-23 11:46:33,2026-02-01 03:55:58,Y
397,Hand Blender Grey,Home & Kitchen,Tesco Home,89.27,2026-03-10 16:14:20,2026-03-22 13:17:43,Y
398,Caster Sugar Reduced Fat,Grocery,Birds Eye,208.04,2026-01-11 17:45:02,2026-02-01 08:48:28,Y
399,Farm Animal Set Wooden,Toys & Games,Fisher-Price,462.7,2026-05-23 14:39:22,2026-06-17 15:29:01,Y
400,Blackout Curtains Double,Home & Kitchen,Russell Hobbs,266.65,2026-01-17 01:17:51,2026-01-18 05:13:16,Y
401,Shape Sorter Age 8+,Toys & Games,Ravensburger,276.0,2026-05-16 23:00:16,2026-06-06 22:17:10,Y
402,Soundbar Bluetooth,Electronics,Bush,137.56,2026-03-05 16:12:24,2026-03-27 22:46:05,Y
403,Yorkshire Tea Bags 500g,Grocery,Tesco Free From,287.85,2026-01-17 04:44:25,2026-02-06 02:03:11,Y
404,Drone Large,Toys & Games,Playmobil,187.29,2026-03-20 13:19:10,2026-03-20 21:15:36,Y
405,Smart Light Bulb 128GB,Electronics,Samsung,198.14,2026-05-16 13:13:06,2026-05-25 21:18:35,Y
406,E Reader 64GB,Electronics,Bush,204.62,2026-06-11 12:10:22,2026-07-11 23:58:40,Y
407,Karaoke Machine Twin Pack,Toys & Games,Hasbro,335.99,2026-06-22 11:21:34,2026-07-13 16:39:46,Y
408,Babygrow 3 Pack Large,Clothing,F&F,458.56,2026-03-20 13:50:17,2026-04-16 23:22:53,Y
409,Swim Shorts Size 8,Clothing,F&F,416.06,2026-02-27 23:06:23,2026-03-07 16:50:55,Y
410,Duvet 10.5 Tog Stainless Steel,Home & Kitchen,Brabantia,148.4,2026-02-04 14:39:53,2026-02-26 16:23:37,Y
411,Stainless Steel Saucepan Navy,Home & Kitchen,Russell Hobbs,415.12,2026-03-16 07:13:58,2026-03-22 14:02:50,Y
412,Full HD Smart TV Plus,Electronics,Technika,51.81,2026-03-22 22:07:25,2026-04-15 05:58:34,Y
413,Pyjama Set Size 12,Clothing,Regatta,124.34,2026-05-15 14:46:56,2026-06-09 18:20:59,Y
414,Wholemeal Bread 1kg,Grocery,McVitie's,441.78,2026-06-23 06:31:13,2026-06-27 19:12:33,Y
415,Two Slice Toaster Set of 6,Home & Kitchen,Tefal,52.18,2026-01-20 02:58:48,2026-02-08 19:30:36,N
416,Fish Fingers Pack of 12,Grocery,Walkers,411.07,2026-04-15 17:46:55,2026-05-01 17:47:53,N
417,Crumpets 250g,Grocery,Birds Eye,300.61,2026-01-08 18:06:21,2026-02-02 07:13:56,Y
418,Laundry Bin Set of 6,Home & Kitchen,Russell Hobbs,145.41,2026-03-04 22:24:21,2026-03-20 19:08:52,N
419,Play Dough Set Pink,Toys & Games,Ravensburger,198.92,2026-01-31 23:58:26,2026-03-02 00:55:05,Y
420,USB C Charger Black,Electronics,Philips,265.35,2026-03-30 04:56:03,2026-04-01 14:34:07,Y
421,Sports Vest Lightweight,Sports & Leisure,Dunlop,419.84,2026-03-15 03:34:18,2026-03-22 10:59:51,Y
422,Cotton Socks 5 Pack White,Clothing,F&F Kids,78.2,2026-04-15 06:10:52,2026-05-08 11:24:30,Y
423,Digital Camera Compact,Electronics,Hisense,374.28,2026-03-12 10:21:26,2026-03-14 12:38:25,Y
424,Vacuum Cleaner Stainless Steel,Home & Kitchen,Tefal,15.52,2026-02-03 16:34:26,2026-03-06 15:37:19,Y
425,Security Camera 50 Inch,Electronics,Hisense,348.37,2026-03-02 15:59:25,2026-03-16 05:50:12,Y
426,Wi-Fi Extender 64GB,Electronics,Hisense,443.04,2026-02-02 13:49:54,2026-02-02 15:02:49,Y
427,Soft Toy Bear Age 5+,Toys & Games,Fisher-Price,40.98,2026-04-12 19:05:52,2026-05-09 19:30:01,Y
428,Photo Frame Set of 4,Home & Kitchen,Salter,409.61,2026-02-24 03:11:49,2026-03-02 12:09:10,Y
429,Badminton Set Pro,Sports & Leisure,Karrimor,282.88,2026-02-16 13:36:06,2026-03-04 10:30:37,Y
430,DAB Radio Plus,Electronics,Bush,155.48,2026-06-09 06:33:53,2026-06-17 16:20:55,Y
431,Play Dough Set Deluxe,Toys & Games,Carousel,369.65,2026-05-16 14:49:12,2026-05-27 00:04:42,Y
432,Soundbar Rechargeable,Electronics,Hisense,55.72,2026-04-15 01:13:14,2026-05-05 12:53:00,Y
433,Ankle Boots Khaki,Clothing,Skechers,355.24,2026-06-26 22:01:38,2026-07-22 23:34:01,Y
434,Fleece Gilet Small,Clothing,Regatta,86.97,2026-03-15 18:11:59,2026-03-16 16:40:15,Y
435,Skipping Rope Adult,Sports & Leisure,Slazenger,391.36,2026-06-30 18:39:40,2026-07-14 14:16:31,Y
436,Ride On Car Wooden,Toys & Games,LEGO,490.71,2026-05-22 20:38:48,2026-06-11 20:25:31,Y
437,Action Figure Set Twin Pack,Toys & Games,Playmobil,127.86,2026-05-14 09:09:34,2026-06-08 20:46:58,Y
438,Vanilla Ice Cream Finest,Grocery,McVitie's,445.82,2026-01-27 09:01:49,2026-02-12 18:38:28,Y
439,Winter Scarf Medium,Clothing,F&F,206.87,2026-02-27 09:49:09,2026-03-23 23:14:45,Y
440,Golf Balls 12 Pack Training,Sports & Leisure,Mitre,322.76,2026-05-23 15:09:25,2026-06-12 18:39:13,Y
441,Casserole Dish Small,Home & Kitchen,Tesco Home,332.96,2026-02-25 09:35:46,2026-03-05 02:14:00,Y
442,Fitness Tracker 128GB,Electronics,Hisense,410.29,2026-06-16 07:57:33,2026-06-21 05:55:08,Y
443,Balance Bike Age 3+,Toys & Games,Mattel,306.95,2026-01-01 11:26:56,2026-01-22 14:36:53,Y
444,Cornish Pasty Organic,Grocery,Tesco Finest,332.15,2026-05-21 04:25:37,2026-06-14 16:00:20,Y
445,Cucumber Finest,Grocery,Robinsons,283.09,2026-05-21 12:36:24,2026-06-02 02:16:28,Y
446,Boxer Shorts 3 Pack Grey Marl,Clothing,F&F Kids,287.9,2026-01-26 21:53:43,2026-02-24 02:42:55,N
447,Malt Vinegar Finest,Grocery,Tesco,295.87,2026-01-31 08:53:12,2026-02-24 17:18:46,Y
448,Exercise Bike Blue,Sports & Leisure,Umbro,115.75,2026-05-11 08:40:57,2026-05-12 09:34:07,Y
449,Alarm Clock Radio Silver,Electronics,Sony,489.93,2026-05-12 13:38:25,2026-06-11 01:42:28,Y
450,USB C Charger Bluetooth,Electronics,JVC,472.95,2026-02-21 02:05:42,2026-02-27 21:27:34,Y
451,Smart Watch Plus,Electronics,Sony,370.18,2026-01-15 19:41:17,2026-01-18 05:21:55,Y
452,Cool Box Adult,Sports & Leisure,Dunlop,208.51,2026-04-15 05:55:40,2026-05-01 12:51:17,Y
453,Exercise Bike Lightweight,Sports & Leisure,Adidas,301.42,2026-04-05 07:40:17,2026-04-13 08:37:48,Y
454,Badminton Set Lightweight,Sports & Leisure,Umbro,69.36,2026-01-15 22:28:56,2026-01-20 21:54:44,Y
455,Bike Lock 4 Person,Sports & Leisure,Mitre,461.93,2026-01-05 17:51:05,2026-01-29 09:37:45,N
456,Boxer Shorts 3 Pack Large,Clothing,F&F Kids,269.1,2026-05-25 22:59:38,2026-05-28 07:01:03,Y
457,Duvet 10.5 Tog Charcoal,Home & Kitchen,Joseph Joseph,358.88,2026-02-19 06:12:29,2026-02-26 09:11:37,Y
458,Mature Cheddar 500g,Grocery,Heinz,498.07,2026-03-30 12:06:29,2026-04-16 14:35:29,Y
459,Digestive Biscuits 2L,Grocery,Tesco Finest,213.84,2026-06-23 03:05:38,2026-06-28 03:29:45,Y
460,Football Boots Lightweight,Sports & Leisure,Karrimor,99.24,2026-06-21 10:08:29,2026-07-07 03:44:51,Y
461,Baked Beans Reduced Fat,Grocery,Heinz,291.51,2026-06-20 17:18:19,2026-06-29 11:22:05,Y
462,Two Slice Toaster Medium,Home & Kitchen,Salter,122.07,2026-04-12 09:32:02,2026-05-08 12:59:19,Y
463,Camping Chair 2 Person,Sports & Leisure,Mitre,396.51,2026-03-06 03:25:30,2026-03-23 07:24:39,Y
464,Kettlebell Blue,Sports & Leisure,Nike,296.55,2026-02-13 05:04:00,2026-03-11 10:44:05,Y
465,Padded Jacket Navy,Clothing,Clarks,368.6,2026-01-27 20:12:16,2026-02-13 09:22:52,Y
466,Yorkshire Tea Bags Family Pack,Grocery,Heinz,412.16,2026-06-25 19:28:14,2026-07-20 09:24:06,Y
467,Slow Cooker Non Stick,Home & Kitchen,Go Cook,288.35,2026-01-30 16:11:34,2026-02-21 02:37:35,Y
468,Dumbbell Pair Training,Sports & Leisure,Nike,341.97,2026-01-06 15:50:44,2026-01-25 09:37:24,N
469,Gym Bag Training,Sports & Leisure,Dunlop,391.04,2026-04-27 15:44:03,2026-05-10 07:00:00,Y
470,Remote Control Car Blue,Toys & Games,LEGO,89.62,2026-01-04 11:48:00,2026-01-17 04:57:05,Y
471,Colouring Set Age 3+,Toys & Games,Mattel,12.34,2026-03-31 10:43:10,2026-04-02 23:27:05,Y
472,Action Camera 32 Inch,Electronics,Hisense,327.39,2026-04-25 03:43:16,2026-05-07 21:53:02,Y
473,Slim Fit Jeans Size 10,Clothing,Regatta,280.98,2026-01-19 18:08:20,2026-02-07 06:38:08,Y
474,Linen Shirt Size 8,Clothing,Regatta,13.0,2026-06-24 08:15:27,2026-07-14 03:49:45,Y
475,Scottish Salmon Fillets Pack of 6,Grocery,McVitie's,421.67,2026-01-10 10:51:02,2026-02-10 06:35:48,Y
476,Duvet 10.5 Tog Grey,Home & Kitchen,Fox & Ivy,172.17,2026-06-03 22:44:16,2026-06-20 08:25:24,Y
477,Treadmill Adult,Sports & Leisure,Mitre,275.12,2026-05-12 17:40:04,2026-06-01 19:58:26,Y
478,Semi Skimmed Milk Pack of 4,Grocery,Tesco,203.82,2026-01-10 22:41:28,2026-01-13 10:40:39,Y
479,Football Training,Sports & Leisure,Nike,193.32,2026-02-20 17:49:42,2026-02-25 18:49:21,Y
480,Pyjama Set Age 9-10,Clothing,F&F,195.31,2026-06-07 02:46:40,2026-06-28 17:18:19,Y
481,Salted Butter Family Pack,Grocery,Tesco Free From,417.87,2026-06-09 18:58:27,2026-06-26 10:44:21,Y
482,Card Game Pink,Toys & Games,Playmobil,5.32,2026-05-28 06:31:47,2026-05-30 03:06:07,Y
483,DAB Radio White,Electronics,Bush,447.88,2026-06-24 20:50:15,2026-07-05 22:34:32,Y
484,Wi-Fi Extender Pro,Electronics,Samsung,338.14,2026-04-10 12:46:39,2026-04-21 10:16:15,Y
485,Cornflakes Pack of 4,Grocery,Walkers,199.62,2026-05-19 05:49:47,2026-05-29 17:07:03,Y
486,Science Kit Age 8+,Toys & Games,Ravensburger,318.8,2026-02-20 04:22:52,2026-03-18 23:41:03,Y
487,Greek Style Yoghurt Family Pack,Grocery,Robinsons,470.6,2026-05-17 23:36:54,2026-05-26 12:30:49,Y
488,Sand Pit Age 3+,Toys & Games,Carousel,97.37,2026-05-27 03:21:25,2026-06-01 11:27:08,Y
489,Cool Box Size 3,Sports & Leisure,Umbro,114.72,2026-05-04 05:58:21,2026-05-16 11:34:31,Y
490,Knitted Jumper Size 14,Clothing,F&F Kids,282.17,2026-03-29 16:38:50,2026-04-20 03:45:04,Y
491,Cotton Socks 5 Pack Small,Clothing,Tesco,12.74,2026-04-04 00:41:31,2026-04-20 09:06:25,Y
492,Ironing Board Stainless Steel,Home & Kitchen,Tesco Home,313.47,2026-05-05 21:18:52,2026-05-14 04:19:04,Y
493,Swim Shorts Grey Marl,Clothing,Tesco,86.58,2026-05-12 18:04:59,2026-06-07 22:03:29,Y
494,Blackout Curtains White,Home & Kitchen,Joseph Joseph,200.29,2026-06-30 10:37:15,2026-07-08 11:43:08,Y
495,Oven Chips Pack of 6,Grocery,Warburtons,90.89,2026-03-17 14:06:20,2026-04-13 00:18:26,Y
496,Pool Cue Pro,Sports & Leisure,Nike,426.52,2026-02-24 13:30:46,2026-03-24 05:37:01,Y
497,Doormat Set of 6,Home & Kitchen,Brabantia,397.26,2026-06-08 08:54:09,2026-07-01 05:45:15,Y
498,Hooded Sweatshirt Size 12,Clothing,Skechers,239.08,2026-04-01 05:29:24,2026-04-20 21:37:08,Y
499,Swimming Costume Large,Clothing,Clarks,281.11,2026-02-03 15:00:17,2026-02-14 19:16:11,Y
500,Table Tennis Bat Set Size 5,Sports & Leisure,Umbro,33.89,2026-04-13 05:56:08,2026-05-12 16:31:59,Y
